期別,開獎日期,獎號1,獎號2,獎號3,獎號4,獎號5
115001,2026/1/1,15,16,18,29,36
115002,2026/1/2,17,18,25,36,39
115003,2026/1/3,22,23,31,32,38
115004,2026/1/5,10,16,18,34,39
115005,2026/1/6,1,2,6,11,33
115006,2026/1/7,5,10,14,15,28
115007,2026/1/8,3,8,10,21,30
115008,2026/1/9,1,12,14,22,34
115009,2026/1/10,11,25,26,34,38
115010,2026/1/12,3,13,18,24,30
115011,2026/1/13,6,16,17,19,31
115012,2026/1/14,1,2,16,33,35
115013,2026/1/15,1,2,3,19,36
115014,2026/1/16,18,19,22,27,29
115015,2026/1/17,2,10,11,24,37
115016,2026/1/19,12,16,23,24,29
115017,2026/1/20,16,19,23,25,34
115018,2026/1/21,4,15,23,27,38
115019,2026/1/22,3,6,11,30,34
115020,2026/1/23,3,11,12,21,31
115021,2026/1/24,6,7,15,35,37
115022,2026/1/26,6,15,23,26,30
115023,2026/1/27,5,17,18,23,32
115024,2026/1/28,10,11,23,24,29
115025,2026/1/29,6,11,28,36,37
115026,2026/1/30,16,17,29,30,36
115027,2026/1/31,5,12,16,21,32
115028,2026/2/2,6,8,31,37,38
115029,2026/2/3,3,5,11,15,23
115030,2026/2/4,8,17,22,27,28
115031,2026/2/5,8,9,13,32,35
115032,2026/2/6,1,6,29,32,34
115033,2026/2/7,3,8,22,27,32
115034,2026/2/9,16,21,25,31,35
115035,2026/2/10,10,11,17,22,36
115036,2026/2/11,11,15,18,29,33
115037,2026/2/12,1,12,21,35,37
115038,2026/2/13,4,28,31,33,34
115039,2026/2/14,1,3,13,31,36
115040,2026/2/15,11,13,18,22,34
115041,2026/2/16,5,7,15,18,34
115042,2026/2/17,6,8,11,20,21
115043,2026/2/18,8,10,12,32,33
115044,2026/2/19,8,15,19,25,27
115045,2026/2/20,4,11,22,23,27
115046,2026/2/21,1,8,19,20,25
115047,2026/2/22,8,13,16,24,25
115048,2026/2/23,3,10,12,27,36
115049,2026/2/24,16,23,25,32,36
115050,2026/2/25,5,22,28,35,36
115051,2026/2/26,3,6,9,31,39
115052,2026/2/27,1,22,23,37,39
115053,2026/2/28,2,4,13,26,27
115054,2026/3/1,2,8,15,29,31
115055,2026/3/2,3,12,20,21,27
115056,2026/3/3,2,19,21,32,35
115057,2026/3/4,4,8,12,16,17
115058,2026/3/5,1,4,8,12,36
115059,2026/3/6,19,24,29,32,34
115060,2026/3/7,15,17,18,34,36
115061,2026/3/9,7,12,15,32,38
115062,2026/3/10,11,12,14,17,32
115063,2026/3/11,5,15,26,37,38
115064,2026/3/12,4,5,7,23,35
115065,2026/3/13,2,5,11,12,15
115066,2026/3/14,8,10,18,20,34
115067,2026/3/16,17,19,21,29,34
115068,2026/3/17,11,13,19,22,27
115069,2026/3/18,21,22,31,32,35
115070,2026/3/19,5,23,25,30,37
115071,2026/3/20,3,11,15,33,39
115072,2026/3/21,7,14,15,19,22
115073,2026/3/23,7,12,24,29,35
115074,2026/3/24,10,20,28,29,36
115075,2026/3/25,3,13,31,33,36
115076,2026/3/26,14,17,20,24,37
115077,2026/3/27,8,18,24,34,35
115078,2026/3/28,6,9,11,16,17
115079,2026/3/30,6,8,20,22,32
115080,2026/3/31,9,16,23,35,39
115081,2026/4/1,3,10,11,13,23
115082,2026/4/2,1,9,13,18,21
115083,2026/4/3,6,8,9,25,35
115084,2026/4/4,4,17,25,31,36
115085,2026/4/6,7,11,17,31,34
115086,2026/4/7,4,8,21,27,29
115087,2026/4/8,2,4,5,6,29
115088,2026/4/9,2,15,25,31,38
115089,2026/4/10,9,21,25,27,30
115090,2026/4/11,7,12,17,24,31
115091,2026/4/13,18,30,31,37,38
115092,2026/4/14,9,14,27,29,33
115093,2026/4/15,2,9,11,29,30
115094,2026/4/16,6,8,12,21,30
115095,2026/4/17,1,2,7,16,26
115096,2026/4/18,7,25,26,29,31
115097,2026/4/20,3,4,5,20,36
115098,2026/4/21,1,6,14,26,28
115099,2026/4/22,5,7,24,38,39
115100,2026/4/23,2,10,17,25,35
115101,2026/4/24,16,21,25,29,34
115102,2026/4/25,3,20,21,22,33
115103,2026/4/27,8,18,20,23,27
115104,2026/4/28,7,8,21,35,38
115105,2026/4/29,2,6,22,32,36
115106,2026/4/30,6,15,27,30,31
115107,2026/5/1,2,3,14,16,20
115108,2026/5/2,8,9,17,25,38
115109,2026/5/4,8,22,26,36,39
115110,2026/5/5,8,16,24,27,37
115111,2026/5/6,4,10,11,34,39
115112,2026/5/7,1,6,18,25,36
115113,2026/5/8,18,19,23,26,28
115114,2026/5/9,11,18,21,22,25
115115,2026/5/11,2,13,21,36,37
115116,2026/5/12,1,4,12,22,26
115117,2026/5/13,2,6,7,9,23
115118,2026/5/14,8,18,28,35,39
115119,2026/5/15,1,13,23,25,36
115120,2026/5/16,2,11,28,32,33
115121,2026/5/18,8,15,20,32,33
115122,2026/5/19,4,6,24,31,32
115123,2026/5/20,1,20,21,23,35
115124,2026/5/21,9,25,28,34,36
115125,2026/5/22,4,8,15,16,37
115126,2026/5/23,6,15,16,24,38
115127,2026/5/25,5,6,12,36,37
115128,2026/5/26,2,7,11,14,37
115129,2026/5/27,2,3,18,19,21
115130,2026/5/28,6,9,12,19,31
115131,2026/5/29,12,15,20,34,35
115132,2026/5/30,2,3,4,13,39
115133,2026/6/1,5,14,19,20,28
115134,2026/6/2,7,12,22,26,30
115135,2026/6/3,2,8,17,25,38
115136,2026/6/4,2,8,24,29,35
115137,2026/6/5,7,21,26,27,31
115138,2026/6/6,13,27,30,37,38
115139,2026/6/8,8,14,17,18,28
115140,2026/6/9,10,17,20,25,28
115141,2026/6/10,1,4,32,35,39
115142,2026/6/11,8,15,20,29,31
115143,2026/6/12,6,8,18,29,31
115144,2026/6/13,4,5,6,34,36
115145,2026/6/15,12,16,24,28,36
115146,2026/6/16,5,17,23,25,29
115147,2026/6/17,8,10,15,16,37
115148,2026/6/18,9,20,27,28,30
115149,2026/6/19,1,5,7,13,25
115150,2026/6/20,4,11,24,25,31
115151,2026/6/22,1,7,28,29,34
115152,2026/6/23,2,14,25,29,36
115153,2026/6/24,3,17,21,32,33
115154,2026/6/25,6,13,21,29,34
115155,2026/6/26,8,10,14,26,36
115156,2026/6/27,4,14,21,31,32
115157,2026/6/29,11,15,30,34,36
115158,2026/6/30,3,11,23,26,37
115159,2026/7/1,1,3,12,14,34
115160,2026/7/2,1,6,8,13,30
115161,2026/7/3,7,11,31,36,37
115162,2026/7/4,2,10,15,31,37
115163,2026/7/6,1,10,12,14,38
115164,2026/7/7,9,21,24,27,34
115165,2026/7/8,1,11,23,30,34
115166,2026/7/9,18,22,28,35,37
115167,2026/7/10,5,13,15,21,26
115168,2026/7/11,10,25,27,35,38
115169,2026/7/13,3,4,5,34,35
115170,2026/7/14,1,6,13,15,37
115171,2026/7/15,6,16,19,21,30
115172,2026/7/16,13,25,28,30,31
115173,2026/7/17,10,12,28,29,35
115174,2026/7/18,18,29,33,34,37
115175,2026/7/20,10,12,13,20,24
115176,2026/7/21,12,19,27,37,39
115177,2026/7/22,3,14,19,21,31
115178,2026/7/23,12,14,19,25,26
115179,2026/7/24,5,17,27,29,36
115180,2026/7/25,8,12,16,23,39
115181,2026/7/27,7,16,19,24,32
115182,2026/7/28,5,8,13,23,31
115183,2026/7/29,5,14,32,33,36
115184,2026/7/30,4,7,8,16,38
115185,2026/7/31,1,9,12,25,26
115186,2026/8/1,6,11,18,22,29
115187,2026/8/3,7,21,23,28,35
115188,2026/8/4,9,32,35,37,39
115189,2026/8/5,2,4,22,25,29
115190,2026/8/6,3,9,16,24,35
115191,2026/8/7,6,11,12,13,19
115192,2026/8/8,5,11,24,31,32
115193,2026/8/10,1,7,16,23,35
115194,2026/8/11,7,17,19,23,30
115195,2026/8/12,7,12,17,20,32
115196,2026/8/13,5,11,12,17,18
115197,2026/8/14,7,19,21,25,34
115198,2026/8/15,12,14,21,35,37
115199,2026/8/17,19,22,27,28,38
115200,2026/8/18,5,6,10,28,39
115201,2026/8/19,2,6,7,32,38
115202,2026/8/20,4,14,27,32,34
115203,2026/8/21,11,12,18,20,29
115204,2026/8/22,9,10,29,30,34
115205,2026/8/24,9,10,19,23,26
115206,2026/8/25,8,21,23,30,35
115207,2026/8/26,13,19,23,35,38
115208,2026/8/27,2,3,7,25,33
115209,2026/8/28,2,4,9,12,36
115210,2026/8/29,3,6,17,23,33
115211,2026/8/31,5,10,12,33,39
115212,2026/9/1,2,4,22,30,38
115213,2026/9/2,7,8,13,16,18
115214,2026/9/3,18,19,22,23,34
115215,2026/9/4,2,4,15,17,24
115216,2026/9/5,3,8,10,28,38
115217,2026/9/7,19,25,26,31,35
115218,2026/9/8,3,7,25,29,30
115219,2026/9/9,5,6,8,28,29
115220,2026/9/10,4,14,30,35,38
115221,2026/9/11,12,15,23,25,27
115222,2026/9/12,6,17,24,25,30
115223,2026/9/14,1,15,32,34,39
115224,2026/9/15,4,12,23,26,31
115225,2026/9/16,7,8,12,13,19
115226,2026/9/17,2,8,11,12,34
115227,2026/9/18,2,3,6,24,34
115228,2026/9/19,2,17,27,29,35
115229,2026/9/21,4,20,22,30,38
115230,2026/9/22,8,13,20,31,34
115231,2026/9/23,8,10,14,16,30
115232,2026/9/24,5,8,18,19,30
115233,2026/9/25,6,15,20,30,33
