期別,開獎日期,獎號1,獎號2,獎號3,獎號4,獎號5,和值,均值,單雙,首尾差
115001,2026/1/1,15,16,18,29,36,114,23,2:3,21
115002,2026/1/2,17,18,25,36,39,135,27,3:2,22
115003,2026/1/3,22,23,31,32,38,146,29,2:3,16
115004,2026/1/5,10,16,18,34,39,117,23,1:4,29
115005,2026/1/6,1,2,6,11,33,53,11,3:2,32
115006,2026/1/7,5,10,14,15,28,72,14,2:3,23
115007,2026/1/8,3,8,10,21,30,72,14,2:3,27
115008,2026/1/9,1,12,14,22,34,83,17,1:4,33
115009,2026/1/10,11,25,26,34,38,134,27,2:3,27
115010,2026/1/12,3,13,18,24,30,88,18,2:3,27
115011,2026/1/13,6,16,17,19,31,89,18,3:2,25
115012,2026/1/14,1,2,16,33,35,87,17,3:2,34
115013,2026/1/15,1,2,3,19,36,61,12,3:2,35
115014,2026/1/16,18,19,22,27,29,115,23,3:2,11
115015,2026/1/17,2,10,11,24,37,84,17,2:3,35
115016,2026/1/19,12,16,23,24,29,104,21,2:3,17
115017,2026/1/20,16,19,23,25,34,117,23,3:2,18
115018,2026/1/21,4,15,23,27,38,107,21,3:2,34
115019,2026/1/22,3,6,11,30,34,84,17,2:3,31
115020,2026/1/23,3,11,12,21,31,78,16,4:1,28
115021,2026/1/24,6,7,15,35,37,100,20,4:1,31
115022,2026/1/26,6,15,23,26,30,100,20,2:3,24
115023,2026/1/27,5,17,18,23,32,95,19,3:2,27
115024,2026/1/28,10,11,23,24,29,97,19,3:2,19
115025,2026/1/29,6,11,28,36,37,118,24,2:3,31
115026,2026/1/30,16,17,29,30,36,128,26,2:3,20
115027,2026/1/31,5,12,16,21,32,86,17,2:3,27
115028,2026/2/2,6,8,31,37,38,120,24,2:3,32
115029,2026/2/3,3,5,11,15,23,57,11,5:0,20
115030,2026/2/4,8,17,22,27,28,102,20,2:3,20
115031,2026/2/5,8,9,13,32,35,97,19,3:2,27
115032,2026/2/6,1,6,29,32,34,102,20,2:3,33
115033,2026/2/7,3,8,22,27,32,92,18,2:3,29
115034,2026/2/9,16,21,25,31,35,128,26,4:1,19
115035,2026/2/10,10,11,17,22,36,96,19,2:3,26
115036,2026/2/11,11,15,18,29,33,106,21,4:1,22
115037,2026/2/12,1,12,21,35,37,106,21,4:1,36
115038,2026/2/13,4,28,31,33,34,130,26,2:3,30
115039,2026/2/14,1,3,13,31,36,84,17,4:1,35
115040,2026/2/15,11,13,18,22,34,98,20,2:3,23
115041,2026/2/16,5,7,15,18,34,79,16,3:2,29
115042,2026/2/17,6,8,11,20,21,66,13,2:3,15
115043,2026/2/18,8,10,12,32,33,95,19,1:4,25
115044,2026/2/19,8,15,19,25,27,94,19,4:1,19
115045,2026/2/20,4,11,22,23,27,87,17,3:2,23
115046,2026/2/21,1,8,19,20,25,73,15,3:2,24
115047,2026/2/22,8,13,16,24,25,86,17,2:3,17
115048,2026/2/23,3,10,12,27,36,88,18,2:3,33
115049,2026/2/24,16,23,25,32,36,132,26,2:3,20
115050,2026/2/25,5,22,28,35,36,126,25,2:3,31
115051,2026/2/26,3,6,9,31,39,88,18,4:1,36
115052,2026/2/27,1,22,23,37,39,122,24,4:1,38
115053,2026/2/28,2,4,13,26,27,72,14,2:3,25
115054,2026/3/1,2,8,15,29,31,85,17,3:2,29
115055,2026/3/2,3,12,20,21,27,83,17,3:2,24
115056,2026/3/3,2,19,21,32,35,109,22,3:2,33
115057,2026/3/4,4,8,12,16,17,57,11,1:4,13
115058,2026/3/5,1,4,8,12,36,61,12,1:4,35
115059,2026/3/6,19,24,29,32,34,138,28,2:3,15
115060,2026/3/7,15,17,18,34,36,120,24,2:3,21
115061,2026/3/9,7,12,15,32,38,104,21,2:3,31
115062,2026/3/10,11,12,14,17,32,86,17,2:3,21
115063,2026/3/11,5,15,26,37,38,121,24,3:2,33
115064,2026/3/12,4,5,7,23,35,74,15,4:1,31
115065,2026/3/13,2,5,11,12,15,45,9,3:2,13
115066,2026/3/14,8,10,18,20,34,90,18,0:5,26
115067,2026/3/16,17,19,21,29,34,120,24,4:1,17
115068,2026/3/17,11,13,19,22,27,92,18,4:1,16
115069,2026/3/18,21,22,31,32,35,141,28,3:2,14
115070,2026/3/19,5,23,25,30,37,120,24,4:1,32
115071,2026/3/20,3,11,15,33,39,101,20,5:0,36
115072,2026/3/21,7,14,15,19,22,77,15,3:2,15
115073,2026/3/23,7,12,24,29,35,107,21,3:2,28
115074,2026/3/24,10,20,28,29,36,123,25,1:4,26
115075,2026/3/25,3,13,31,33,36,116,23,4:1,33
115076,2026/3/26,14,17,20,24,37,112,22,2:3,23
115077,2026/3/27,8,18,24,34,35,119,24,1:4,27
115078,2026/3/28,6,9,11,16,17,59,12,3:2,11
115079,2026/3/30,6,8,20,22,32,88,18,0:5,26
115080,2026/3/31,9,16,23,35,39,122,24,4:1,30
115081,2026/4/1,3,10,11,13,23,60,12,4:1,20
115082,2026/4/2,1,9,13,18,21,62,12,4:1,20
115083,2026/4/3,6,8,9,25,35,83,17,3:2,29
115084,2026/4/4,4,17,25,31,36,113,23,3:2,32
115085,2026/4/6,7,11,17,31,34,100,20,4:1,27
115086,2026/4/7,4,8,21,27,29,89,18,3:2,25
115087,2026/4/8,2,4,5,6,29,46,9,2:3,27
115088,2026/4/9,2,15,25,31,38,111,22,3:2,36
115089,2026/4/10,9,21,25,27,30,112,22,4:1,21
115090,2026/4/11,7,12,17,24,31,91,18,3:2,24
115091,2026/4/13,18,30,31,37,38,154,31,2:3,20
115092,2026/4/14,9,14,27,29,33,112,22,4:1,24
115093,2026/4/15,2,9,11,29,30,81,16,3:2,28
115094,2026/4/16,6,8,12,21,30,77,15,1:4,24
115095,2026/4/17,1,2,7,16,26,52,10,2:3,25
115096,2026/4/18,7,25,26,29,31,118,24,4:1,24
115097,2026/4/20,3,4,5,20,36,68,14,2:3,33
115098,2026/4/21,1,6,14,26,28,75,15,1:4,27
115099,2026/4/22,5,7,24,38,39,113,23,3:2,34
115100,2026/4/23,2,10,17,25,35,89,18,3:2,33
115101,2026/4/24,16,21,25,29,34,125,25,3:2,18
115102,2026/4/25,3,20,21,22,33,99,20,3:2,30
115103,2026/4/27,8,18,20,23,27,96,19,2:3,19
115104,2026/4/28,7,8,21,35,38,109,22,3:2,31
115105,2026/4/29,2,6,22,32,36,98,20,0:5,34
115106,2026/4/30,6,15,27,30,31,109,22,3:2,25
115107,2026/5/1,2,3,14,16,20,55,11,1:4,18
115108,2026/5/2,8,9,17,25,38,97,19,3:2,30
115109,2026/5/4,8,22,26,36,39,131,26,1:4,31
115110,2026/5/5,8,16,24,27,37,112,22,2:3,29
115111,2026/5/6,4,10,11,34,39,98,20,2:3,35
115112,2026/5/7,1,6,18,25,36,86,17,2:3,35
115113,2026/5/8,18,19,23,26,28,114,23,2:3,10
115114,2026/5/9,11,18,21,22,25,97,19,3:2,14
115115,2026/5/11,2,13,21,36,37,109,22,3:2,35
115116,2026/5/12,1,4,12,22,26,65,13,1:4,25
115117,2026/5/13,2,6,7,9,23,47,9,3:2,21
115118,2026/5/14,8,18,28,35,39,128,26,2:3,31
115119,2026/5/15,1,13,23,25,36,98,20,4:1,35
115120,2026/5/16,2,11,28,32,33,106,21,2:3,31
115121,2026/5/18,8,15,20,32,33,108,22,2:3,25
115122,2026/5/19,4,6,24,31,32,97,19,1:4,28
115123,2026/5/20,1,20,21,23,35,100,20,4:1,34
115124,2026/5/21,9,25,28,34,36,132,26,2:3,27
115125,2026/5/22,4,8,15,16,37,80,16,2:3,33
115126,2026/5/23,6,15,16,24,38,99,20,1:4,32
115127,2026/5/25,5,6,12,36,37,96,19,2:3,32
115128,2026/5/26,2,7,11,14,37,71,14,3:2,35
115129,2026/5/27,2,3,18,19,21,63,13,3:2,19
115130,2026/5/28,6,9,12,19,31,77,15,3:2,25
115131,2026/5/29,12,15,20,34,35,116,23,2:3,23
115132,2026/5/30,2,3,4,13,39,61,12,3:2,37
115133,2026/6/1,5,14,19,20,28,86,17,2:3,23
115134,2026/6/2,7,12,22,26,30,97,19,1:4,23
115135,2026/6/3,2,8,17,25,38,90,18,2:3,36
115136,2026/6/4,2,8,24,29,35,98,20,2:3,33
115137,2026/6/5,7,21,26,27,31,112,22,4:1,24
115138,2026/6/6,13,27,30,37,38,145,29,3:2,25
115139,2026/6/8,8,14,17,18,28,85,17,1:4,20
115140,2026/6/9,10,17,20,25,28,100,20,2:3,18
115141,2026/6/10,1,4,32,35,39,111,22,3:2,38
115142,2026/6/11,8,15,20,29,31,103,21,3:2,23
115143,2026/6/12,6,8,18,29,31,92,18,2:3,25
115144,2026/6/13,4,5,6,34,36,85,17,1:4,32
115145,2026/6/15,12,16,24,28,36,116,23,0:5,24
115146,2026/6/16,5,17,23,25,29,99,20,5:0,24
115147,2026/6/17,8,10,15,16,37,86,17,2:3,29
115148,2026/6/18,9,20,27,28,30,114,23,2:3,21
115149,2026/6/19,1,5,7,13,25,51,10,5:0,24
115150,2026/6/20,4,11,24,25,31,95,19,3:2,27
115151,2026/6/22,1,7,28,29,34,99,20,3:2,33
115152,2026/6/23,2,14,25,29,36,106,21,2:3,34
115153,2026/6/24,3,17,21,32,33,106,21,4:1,30
115154,2026/6/25,6,13,21,29,34,103,21,3:2,28
115155,2026/6/26,8,10,14,26,36,94,19,0:5,28
115156,2026/6/27,4,14,21,31,32,102,20,2:3,28
115157,2026/6/29,11,15,30,34,36,126,25,2:3,25
115158,2026/6/30,3,11,23,26,37,100,20,4:1,34
115159,2026/7/1,1,3,12,14,34,64,13,2:3,33
115160,2026/7/2,1,6,8,13,30,58,12,2:3,29
115161,2026/7/3,7,11,31,36,37,122,24,4:1,30
115162,2026/7/4,2,10,15,31,37,95,19,3:2,35
115163,2026/7/6,1,10,12,14,38,75,15,1:4,37
115164,2026/7/7,9,21,24,27,34,115,23,3:2,25
115165,2026/7/8,1,11,23,30,34,99,20,3:2,33
115166,2026/7/9,18,22,28,35,37,140,28,2:3,19
115167,2026/7/10,5,13,15,21,26,80,16,4:1,21
115168,2026/7/11,10,25,27,35,38,135,27,3:2,28
115169,2026/7/13,3,4,5,34,35,81,16,3:2,32
115170,2026/7/14,1,6,13,15,37,72,14,4:1,36
115171,2026/7/15,6,16,19,21,30,92,18,2:3,24
115172,2026/7/16,13,25,28,30,31,127,25,3:2,18
115173,2026/7/17,10,12,28,29,35,114,23,2:3,25
115174,2026/7/18,18,29,33,34,37,151,30,3:2,19
115175,2026/7/20,10,12,13,20,24,79,16,1:4,14
115176,2026/7/21,12,19,27,37,39,134,27,4:1,27
115177,2026/7/22,3,14,19,21,31,88,18,4:1,28
115178,2026/7/23,12,14,19,25,26,96,19,2:3,14
115179,2026/7/24,5,17,27,29,36,114,23,4:1,31
115180,2026/7/25,8,12,16,23,39,98,20,2:3,31
115181,2026/7/27,7,16,19,24,32,98,20,2:3,25
115182,2026/7/28,5,8,13,23,31,80,16,4:1,26
115183,2026/7/29,5,14,32,33,36,120,24,2:3,31
115184,2026/7/30,4,7,8,16,38,73,15,1:4,34
115185,2026/7/31,1,9,12,25,26,73,15,3:2,25
115186,2026/8/1,6,11,18,22,29,86,17,2:3,23
115187,2026/8/3,7,21,23,28,35,114,23,4:1,28
115188,2026/8/4,9,32,35,37,39,152,30,4:1,30
115189,2026/8/5,2,4,22,25,29,82,16,2:3,27
115190,2026/8/6,3,9,16,24,35,87,17,3:2,32
115191,2026/8/7,6,11,12,13,19,61,12,3:2,13
115192,2026/8/8,5,11,24,31,32,103,21,3:2,27
115193,2026/8/10,1,7,16,23,35,82,16,4:1,34
115194,2026/8/11,7,17,19,23,30,96,19,4:1,23
115195,2026/8/12,7,12,17,20,32,88,18,2:3,25
115196,2026/8/13,5,11,12,17,18,63,13,3:2,13
115197,2026/8/14,7,19,21,25,34,106,21,4:1,27
115198,2026/8/15,12,14,21,35,37,119,24,3:2,25
115199,2026/8/17,19,22,27,28,38,134,27,2:3,19
115200,2026/8/18,5,6,10,28,39,88,18,2:3,34
115201,2026/8/19,2,6,7,32,38,85,17,1:4,36
115202,2026/8/20,4,14,27,32,34,111,22,1:4,30
115203,2026/8/21,11,12,18,20,29,90,18,2:3,18
115204,2026/8/22,9,10,29,30,34,112,22,2:3,25
115205,2026/8/24,9,10,19,23,26,87,17,3:2,17
115206,2026/8/25,8,21,23,30,35,117,23,3:2,27
115207,2026/8/26,13,19,23,35,38,128,26,4:1,25
115208,2026/8/27,2,3,7,25,33,70,14,4:1,31
115209,2026/8/28,2,4,9,12,36,63,13,1:4,34
115210,2026/8/29,3,6,17,23,33,82,16,4:1,30
115211,2026/8/31,5,10,12,33,39,99,20,3:2,34
115212,2026/9/1,2,4,22,30,38,96,19,0:5,36
115213,2026/9/2,7,8,13,16,18,62,12,2:3,11
115214,2026/9/3,18,19,22,23,34,116,23,2:3,16
115215,2026/9/4,2,4,15,17,24,62,12,2:3,22
115216,2026/9/5,3,8,10,28,38,87,17,1:4,35
115217,2026/9/7,19,25,26,31,35,136,27,4:1,16
115218,2026/9/8,3,7,25,29,30,94,19,4:1,27
115219,2026/9/9,5,6,8,28,29,76,15,2:3,24
115220,2026/9/10,4,14,30,35,38,121,24,1:4,34
115221,2026/9/11,12,15,23,25,27,102,20,4:1,15
115222,2026/9/12,6,17,24,25,30,102,20,2:3,24
115223,2026/9/14,1,15,32,34,39,121,24,3:2,38
115224,2026/9/15,4,12,23,26,31,96,19,2:3,27
115225,2026/9/16,7,8,12,13,19,59,12,3:2,12
115226,2026/9/17,2,8,11,12,34,67,13,1:4,32
115227,2026/9/18,2,3,6,24,34,69,14,1:4,32
115228,2026/9/19,2,17,27,29,35,110,22,4:1,33
115229,2026/9/21,4,20,22,30,38,114,23,0:5,34
115230,2026/9/22,8,13,20,31,34,106,21,2:3,26
115231,2026/9/23,8,10,14,16,30,78,16,0:5,22
115232,2026/9/24,5,8,18,19,30,80,16,2:3,25
115233,2026/9/25,6,15,20,30,33,104,21,2:3,27
115234,2026/09/26,17,18,30,34,39,138,28,2:3,22
115235,2026/09/28,13,19,21,27,32,112,22,4:1,19
115236,2026/09/29,6,13,17,26,28,90,18,2:3,22
115237,2026/09/30,2,7,9,14,33,65,13,3:2,31
115238,2026/10/01,1,3,16,28,38,86,17,2:3,37
115239,2026/10/02,13,24,30,34,38,139,28,1:4,25
115240,2026/10/03,5,28,29,33,38,133,27,3:2,33
115241,2026/10/05,2,5,8,16,31,62,12,2:3,29
115242,2026/10/06,14,25,26,29,33,127,25,3:2,19
115243,2026/10/07,5,11,14,18,19,67,13,3:2,14
115244,2026/10/08,3,7,15,17,30,72,14,4:1,27
